-- phpMyAdmin SQL Dump
-- version 2.11.4
-- http://www.phpmyadmin.net
--
-- Host: localhost
-- Generation Time: Apr 14, 2008 at 03:04 PM
-- Server version: 5.1.22
-- PHP Version: 5.2.5

SET SQL_MODE="NO_AUTO_VALUE_ON_ZERO";

--
-- Database: `itext_examples`
--

-- --------------------------------------------------------

--
-- Table structure for table `collections`
--

DROP TABLE IF EXISTS `collections`;
CREATE TABLE `collections` (
  `id` int(11) NOT NULL AUTO_INCREMENT,
  `title` varchar(50) NOT NULL,
  `path` varchar(50) NOT NULL,
  `description` mediumtext NOT NULL,
  `sort` smallint(6) NOT NULL,
  PRIMARY KEY (`id`)
) ENGINE=InnoDB  DEFAULT CHARSET=latin1 AUTO_INCREMENT=2 ;

--
-- Dumping data for table `collections`
--

INSERT INTO `collections` (`id`, `title`, `path`, `description`, `sort`) VALUES
(1, 'iText in Action', '/examples/itext-in-action.php', 'These examples are part of the book "<a href="http://www.1t3xt.com/docs/book.php">iText in Action</a>" (ISBN: 1932394796) by Bruno Lowagie. You can use them for inspiration, but please buy the book if there''s something you don''t understand about the example.', 1);

-- --------------------------------------------------------

--
-- Table structure for table `examples`
--

DROP TABLE IF EXISTS `examples`;
CREATE TABLE `examples` (
  `id` int(11) NOT NULL AUTO_INCREMENT,
  `toc_id` int(11) NOT NULL DEFAULT '0',
  `package` varchar(20) NOT NULL,
  `name` varchar(30) NOT NULL DEFAULT '',
  `standalone` tinyint(1) NOT NULL DEFAULT '1',
  `swing` tinyint(1) NOT NULL,
  `sort` int(11) NOT NULL,
  PRIMARY KEY (`id`),
  KEY `chapter_id` (`toc_id`)
) ENGINE=MyISAM  DEFAULT CHARSET=latin1 AUTO_INCREMENT=297 ;

--
-- Dumping data for table `examples`
--

INSERT INTO `examples` (`id`, `toc_id`, `package`, `name`, `standalone`, `swing`, `sort`) VALUES
(1, 6, 'in_action.chapter01', 'HelloWorld', 1, 0, 1),
(2, 6, 'in_action.chapter01', 'HelloWorldBurst', 1, 0, 2),
(3, 7, 'in_action.chapter02', 'HelloWorld', 1, 0, 3),
(4, 7, 'in_action.chapter02', 'HelloWorldNarrow', 1, 0, 4),
(5, 7, 'in_action.chapter02', 'HelloWorldLetter', 1, 0, 5),
(6, 7, 'in_action.chapter02', 'HelloWorldLandscape', 1, 0, 6),
(7, 7, 'in_action.chapter02', 'HelloWorldLandscape2', 1, 0, 7),
(8, 7, 'in_action.chapter02', 'HelloWorldBlue', 1, 0, 8),
(9, 7, 'in_action.chapter02', 'HelloWorldMargins', 1, 0, 9),
(10, 7, 'in_action.chapter02', 'HelloWorldMirroredMargins', 1, 0, 10),
(11, 7, 'in_action.chapter02', 'HelloWorldMultiple', 1, 0, 11),
(12, 7, 'in_action.chapter02', 'HelloWorldSystemOut', 1, 0, 12),
(13, 7, 'in_action.chapter02', 'HelloWorldOpen', 1, 0, 13),
(14, 7, 'in_action.chapter02', 'HelloWorldVersion_1_6', 1, 0, 14),
(15, 7, 'in_action.chapter02', 'HelloWorldMetadata', 1, 0, 15),
(16, 7, 'in_action.chapter02', 'HelloWorldAbsolute', 1, 0, 16),
(17, 7, 'in_action.chapter02', 'HelloWorldGraphics2D', 1, 0, 17),
(18, 7, 'in_action.chapter02', 'HelloWorldReader', 1, 0, 18),
(19, 7, 'in_action.chapter02', 'HelloWorldPartialReader', 1, 0, 19),
(20, 7, 'in_action.chapter02', 'HelloWorldBookmarks', 1, 0, 20),
(21, 7, 'in_action.chapter02', 'HelloWorldReadMetadata', 1, 0, 21),
(22, 7, 'in_action.chapter02', 'HelloWorldAddMetadata', 1, 0, 22),
(23, 7, 'in_action.chapter02', 'HelloWorldForm', 1, 0, 23),
(24, 7, 'in_action.chapter02', 'HelloWorldStamper', 1, 0, 24),
(25, 7, 'in_action.chapter02', 'HelloWorldStamper2', 1, 0, 25),
(26, 7, 'in_action.chapter02', 'HelloWorldStamperAdvanced', 1, 0, 26),
(27, 7, 'in_action.chapter02', 'HelloWorldStamperImportedPages', 1, 0, 27),
(28, 7, 'in_action.chapter02', 'HelloWorldImportedPages', 1, 0, 28),
(29, 7, 'in_action.chapter02', 'HelloWorldWriter', 1, 0, 29),
(30, 7, 'in_action.chapter02', 'HelloWorldCopy', 1, 0, 30),
(31, 7, 'in_action.chapter02', 'HelloWorldSelectPages', 1, 0, 31),
(32, 7, 'in_action.chapter02', 'HelloWorldSelectedPages', 1, 0, 32),
(33, 7, 'in_action.chapter02', 'HelloWorldCopyForm', 1, 0, 33),
(34, 7, 'in_action.chapter02', 'HelloWorldCopyFields', 1, 0, 34),
(35, 7, 'in_action.chapter02', 'HelloWorldStampCopy', 1, 0, 35),
(36, 7, 'in_action.chapter02', 'HelloWorldCopyStamp', 1, 0, 36),
(37, 7, 'in_action.chapter02', 'HelloWorldStampCopyStamp', 1, 0, 37),
(38, 8, 'in_action.chapter03', 'HelloWorldMaximum', 1, 0, 38),
(39, 8, 'in_action.chapter03', 'HelloWorldUncompressed', 1, 0, 39),
(40, 8, 'in_action.chapter03', 'HelloWorldFullyCompressed', 1, 0, 40),
(41, 8, 'in_action.chapter03', 'HelloWorldCompression', 1, 0, 41),
(42, 8, 'in_action.chapter03', 'HelloWorldEncryptDecrypt', 1, 0, 42),
(43, 8, 'in_action.chapter03', 'HelloWorldEncrypted', 1, 0, 43),
(44, 9, 'in_action.chapter04', 'FoxDogChunk1', 1, 0, 44),
(45, 9, 'in_action.chapter04', 'FoxDogChunk2', 1, 0, 45),
(46, 9, 'in_action.chapter04', 'FoxDogPhrase', 1, 0, 46),
(47, 9, 'in_action.chapter04', 'FoxDogParagraph', 1, 0, 47),
(48, 9, 'in_action.chapter04', 'FoxDogAnchor1', 1, 0, 48),
(49, 9, 'in_action.chapter04', 'FoxDogAnchor2', 1, 0, 49),
(50, 9, 'in_action.chapter04', 'FoxDogList1', 1, 0, 50),
(51, 9, 'in_action.chapter04', 'FoxDogList2', 1, 0, 51),
(52, 9, 'in_action.chapter04', 'FoxDogChapter1', 1, 0, 52),
(53, 9, 'in_action.chapter04', 'FoxDogChapter2', 1, 0, 53),
(54, 9, 'in_action.chapter04', 'FoxDogScale', 1, 0, 54),
(55, 9, 'in_action.chapter04', 'FoxDogUnderline', 1, 0, 55),
(56, 9, 'in_action.chapter04', 'FoxDogSupSubscript', 1, 0, 56),
(57, 9, 'in_action.chapter04', 'FoxDogSkew', 1, 0, 57),
(58, 9, 'in_action.chapter04', 'FoxDogColor', 1, 0, 58),
(59, 9, 'in_action.chapter04', 'FoxDogRender', 1, 0, 59),
(60, 9, 'in_action.chapter04', 'FoxDogSplit', 1, 0, 60),
(61, 9, 'in_action.chapter04', 'DickensHyphenated', 1, 0, 61),
(62, 9, 'in_action.chapter04', 'FoxDogSpaceCharRatio', 1, 0, 62),
(63, 9, 'in_action.chapter04', 'FoxDogGoto1', 1, 0, 63),
(64, 9, 'in_action.chapter04', 'FoxDogGoto2', 1, 0, 64),
(65, 9, 'in_action.chapter04', 'FoxDogGoto3', 1, 0, 65),
(66, 9, 'in_action.chapter04', 'FoxDogGoto4', 1, 0, 66),
(67, 9, 'in_action.chapter04', 'FoxDogGeneric1', 1, 0, 67),
(68, 9, 'in_action.chapter04', 'FoxDogGeneric2', 1, 0, 68),
(69, 9, 'in_action.chapter04', 'FoxDogGeneric3', 1, 0, 69),
(70, 9, 'in_action.chapter04', 'FoobarFlyer', 1, 0, 70),
(71, 10, 'in_action.chapter05', 'FoxDogImageTypes', 1, 0, 71),
(72, 10, 'in_action.chapter05', 'FoxDogMultipageTiff', 1, 0, 72),
(73, 10, 'in_action.chapter05', 'FoxDogAnimatedGif', 1, 0, 73),
(74, 10, 'in_action.chapter05', 'HitchcockAwtImage', 1, 0, 74),
(75, 10, 'in_action.chapter05', 'HitchcockAwt', 1, 0, 75),
(76, 10, 'in_action.chapter05', 'FoxDogRawImage', 1, 0, 76),
(77, 10, 'in_action.chapter05', 'Barcodes', 1, 0, 77),
(78, 10, 'in_action.chapter02', 'HelloWorldImportedPages', 1, 0, 78),
(79, 10, 'in_action.chapter05', 'FoxDogImageAlignment', 1, 0, 79),
(80, 10, 'in_action.chapter05', 'FoxDogImageWrapping', 1, 0, 80),
(81, 10, 'in_action.chapter05', 'FoxDogImageChunk', 1, 0, 81),
(82, 10, 'in_action.chapter05', 'FoxDogImageRectangle', 1, 0, 82),
(83, 10, 'in_action.chapter05', 'FoxDogImageSequence', 1, 0, 83),
(84, 10, 'in_action.chapter05', 'FoxDogImageTranslation', 1, 0, 84),
(85, 10, 'in_action.chapter05', 'FoxDogImageScaling1', 1, 0, 85),
(86, 10, 'in_action.chapter05', 'FoxDogImageScaling2', 1, 0, 86),
(87, 10, 'in_action.chapter05', 'FoxDogImageRotation', 1, 0, 87),
(88, 10, 'in_action.chapter05', 'FoxDogImageMask', 1, 0, 88),
(89, 10, 'in_action.chapter05', 'FoobarFlyer', 1, 0, 89),
(90, 11, 'in_action.chapter06', 'MyFirstPdfPTable', 1, 0, 90),
(91, 11, 'in_action.chapter06', 'PdfPTableAligned', 1, 0, 91),
(92, 11, 'in_action.chapter06', 'PdfPTableAbsoluteWidth', 1, 0, 92),
(93, 11, 'in_action.chapter06', 'PdfPTableColumnWidths', 1, 0, 93),
(94, 11, 'in_action.chapter06', 'PdfPTableAbsoluteWidths', 1, 0, 94),
(95, 11, 'in_action.chapter06', 'PdfPTableAbsoluteColumns', 1, 0, 95),
(96, 11, 'in_action.chapter06', 'PdfPTableSpacing', 1, 0, 96),
(97, 11, 'in_action.chapter06', 'PdfPTableWithoutBorders', 1, 0, 97),
(98, 11, 'in_action.chapter06', 'PdfPTableCellAlignment', 1, 0, 98),
(99, 11, 'in_action.chapter06', 'PdfPTableCellSpacing', 1, 0, 99),
(100, 11, 'in_action.chapter06', 'PdfPTableCellHeights', 1, 0, 100),
(101, 11, 'in_action.chapter06', 'PdfPTableColors', 1, 0, 101),
(102, 11, 'in_action.chapter06', 'PdfPTableVerticalCells', 1, 0, 102),
(103, 11, 'in_action.chapter06', 'PdfPTableNested', 1, 0, 103),
(104, 11, 'in_action.chapter06', 'PdfPTableImages', 1, 0, 104),
(105, 11, 'in_action.chapter06', 'PdfPTableSplit', 1, 0, 105),
(106, 11, 'in_action.chapter06', 'PdfPTableRepeatHeader', 1, 0, 106),
(107, 11, 'in_action.chapter06', 'PdfPTableRepeatHeaderFooter', 1, 0, 107),
(108, 11, 'in_action.chapter06', 'PdfPTableMemoryFriendly', 1, 0, 108),
(109, 11, 'in_action.chapter06', 'PdfPTableCompare', 1, 0, 109),
(110, 11, 'in_action.chapter06', 'PdfPTableAbsolutePositions', 1, 0, 110),
(111, 11, 'in_action.chapter06', 'PdfPTableSplitVertically', 1, 0, 111),
(112, 11, 'in_action.chapter06', 'MyFirstTable', 1, 0, 112),
(113, 11, 'in_action.chapter06', 'SpecificCells', 1, 0, 113),
(114, 11, 'in_action.chapter06', 'FoobarStudyProgram', 1, 0, 114),
(115, 12, 'in_action.chapter07', 'ParagraphText', 1, 0, 115),
(116, 12, 'in_action.chapter07', 'ParagraphPositions', 1, 0, 116),
(117, 12, 'in_action.chapter07', 'ColumnWithAddText', 1, 0, 117),
(118, 12, 'in_action.chapter07', 'ColumnWithSetSimpleColumn', 1, 0, 118),
(119, 12, 'in_action.chapter07', 'ColumnWithSetText', 1, 0, 119),
(120, 12, 'in_action.chapter07', 'ColumnControl', 1, 0, 120),
(121, 12, 'in_action.chapter07', 'ColumnsRegular', 1, 0, 121),
(122, 12, 'in_action.chapter07', 'ColumnsIrregular', 1, 0, 122),
(123, 12, 'in_action.chapter07', 'ColumnProperties', 1, 0, 123),
(124, 12, 'in_action.chapter07', 'ColumnElements', 1, 0, 124),
(125, 12, 'in_action.chapter07', 'ColumnWithAddElement', 1, 0, 125),
(126, 12, 'in_action.chapter07', 'MultiColumnPoem', 1, 0, 126),
(127, 12, 'in_action.chapter07', 'MultiColumnPoemReverse', 1, 0, 127),
(128, 12, 'in_action.chapter07', 'MultiColumnPoemCustom', 1, 0, 128),
(129, 12, 'in_action.chapter07', 'MultiColumnIrregular', 1, 0, 129),
(130, 12, 'in_action.chapter07', 'FoobarCourseCatalog', 1, 0, 130),
(131, 13, 'in_action.chapter08', 'StandardType1Fonts', 1, 0, 131),
(132, 13, 'in_action.chapter08', 'FontMetrics', 1, 0, 132),
(133, 13, 'in_action.chapter08', 'StandardType1FontFromAFM', 1, 0, 133),
(134, 13, 'in_action.chapter08', 'Type1FontFromAFM', 1, 0, 134),
(135, 13, 'in_action.chapter08', 'Type1FontFromPFBwithAFM', 1, 0, 135),
(136, 13, 'in_action.chapter08', 'Type1FontFromPFBwithPFM', 1, 0, 136),
(137, 13, 'in_action.chapter08', 'Type3Characters', 1, 0, 137),
(138, 13, 'in_action.chapter08', 'TrueTypeFontExample', 1, 0, 138),
(139, 13, 'in_action.chapter08', 'CompactFontFormatExample', 1, 0, 139),
(140, 13, 'in_action.chapter08', 'TrueTypeFontEncoding', 1, 0, 140),
(141, 13, 'in_action.chapter08', 'FileSizeComparison', 1, 0, 141),
(142, 13, 'in_action.chapter08', 'ChineseKoreanJapaneseFonts', 1, 0, 142),
(143, 13, 'in_action.chapter08', 'CIDTrueTypeOutlines', 1, 0, 143),
(144, 13, 'in_action.chapter08', 'TrueTypeCollections', 1, 0, 144),
(145, 14, 'in_action.chapter09', 'VerticalTextExample', 1, 0, 145),
(146, 14, 'in_action.chapter09', 'RightToLeftExample', 1, 0, 146),
(147, 14, 'in_action.chapter09', 'SayPeace', 1, 0, 147),
(148, 14, 'in_action.chapter09', 'Diacritics1', 1, 0, 148),
(149, 14, 'in_action.chapter09', 'Diacritics2', 1, 0, 149),
(150, 14, 'in_action.chapter09', 'Monospace', 1, 0, 150),
(151, 14, 'in_action.chapter09', 'Ligatures1', 1, 0, 151),
(152, 14, 'in_action.chapter09', 'Ligatures2', 1, 0, 152),
(153, 14, 'in_action.chapter09', 'FontFactoryExample1', 1, 0, 153),
(154, 14, 'in_action.chapter09', 'FontFactoryExample2', 1, 0, 154),
(155, 14, 'in_action.chapter09', 'SymbolSubstitution', 1, 0, 155),
(156, 14, 'in_action.chapter09', 'FontSelectionExample', 1, 0, 156),
(157, 14, 'in_action.chapter09', 'Peace', 1, 0, 157),
(158, 15, 'in_action.chapter10', 'InvisibleRectangles', 1, 0, 158),
(159, 15, 'in_action.chapter10', 'ConstructingPaths1', 1, 0, 159),
(160, 15, 'in_action.chapter10', 'ConstructingPaths2', 1, 0, 160),
(161, 15, 'in_action.chapter10', 'ConstructingPaths3', 1, 0, 161),
(162, 15, 'in_action.chapter10', 'ConstructingPaths4', 1, 0, 162),
(163, 15, 'in_action.chapter10', 'DirectContent', 1, 0, 163),
(164, 15, 'in_action.chapter10', 'PdfPTableCellEvents', 1, 0, 164),
(165, 15, 'in_action.chapter10', 'PdfPTableEvents', 1, 0, 165),
(166, 15, 'in_action.chapter10', 'PdfPTableFloatingBoxes', 1, 0, 166),
(167, 15, 'in_action.chapter10', 'GraphicsStateStack', 1, 0, 167),
(168, 15, 'in_action.chapter10', 'LineCharacteristics', 1, 0, 168),
(169, 15, 'in_action.chapter10', 'EyeLogo', 1, 0, 169),
(170, 15, 'in_action.chapter10', 'EyeCoordinates', 1, 0, 170),
(171, 15, 'in_action.chapter10', 'EyeImages', 1, 0, 171),
(172, 15, 'in_action.chapter10', 'EyeInlineImage', 1, 0, 172),
(173, 15, 'in_action.chapter10', 'FoobarCity', 1, 0, 173),
(174, 16, 'in_action.chapter11', 'DeviceColor', 1, 0, 174),
(175, 16, 'in_action.chapter11', 'SeparationColor', 1, 0, 175),
(176, 16, 'in_action.chapter11', 'Patterns', 1, 0, 176),
(177, 16, 'in_action.chapter11', 'ShadingPatterns', 1, 0, 177),
(178, 16, 'in_action.chapter11', 'ColoredParagraphs', 1, 0, 178),
(179, 16, 'in_action.chapter11', 'Transparency1', 1, 0, 179),
(180, 16, 'in_action.chapter11', 'Transparency2', 1, 0, 180),
(181, 16, 'in_action.chapter11', 'Transparency3', 1, 0, 181),
(182, 16, 'in_action.chapter11', 'TemplateClip', 1, 0, 182),
(183, 16, 'in_action.chapter11', 'ClippingPath', 1, 0, 183),
(184, 16, 'in_action.chapter11', 'TextOperators', 1, 0, 184),
(185, 16, 'in_action.chapter11', 'TextMethods', 1, 0, 185),
(186, 16, 'in_action.chapter11', 'FoobarCityStreets', 1, 0, 186),
(187, 17, 'in_action.chapter12', 'SunTutorialExample', 1, 0, 187),
(188, 17, 'in_action.chapter12', 'SunTutorialExampleWithText', 1, 0, 188),
(189, 17, 'in_action.chapter12', 'JapaneseExample1', 1, 0, 189),
(190, 17, 'in_action.chapter12', 'JapaneseExample2', 1, 0, 190),
(191, 17, 'in_action.chapter12', 'HindiExample', 1, 0, 191),
(192, 17, 'in_action.chapter12', 'MyJTable', 1, 1, 192),
(193, 17, 'in_action.chapter12', 'JTextPaneToPdf', 1, 1, 193),
(194, 17, 'in_action.chapter12', 'FoobarCharts', 1, 0, 194),
(195, 17, 'in_action.chapter12', 'PeekABoo', 1, 0, 195),
(196, 17, 'in_action.chapter12', 'OptionalContentExample', 1, 0, 196),
(197, 17, 'in_action.chapter12', 'LayerMembershipExample', 1, 0, 197),
(198, 17, 'in_action.chapter12', 'OptionalContentActionExample', 1, 0, 198),
(199, 17, 'in_action.chapter12', 'OptionalXObjectExample', 1, 0, 199),
(200, 17, 'in_action.chapter12', 'FoobarCityBatik', 1, 0, 200),
(201, 18, 'in_action.chapter12', 'FoobarCityBatik', 1, 0, 201),
(202, 18, 'in_action.chapter13', 'VPPageLayout', 1, 0, 202),
(203, 18, 'in_action.chapter13', 'VPPageModeAndLayout', 1, 0, 203),
(204, 18, 'in_action.chapter13', 'VPExamples', 1, 0, 204),
(205, 18, 'in_action.chapter13', 'PageLabels', 1, 0, 205),
(206, 18, 'in_action.chapter13', 'PhotoThumbs', 1, 0, 206),
(207, 18, 'in_action.chapter13', 'ThumbImage', 1, 0, 207),
(208, 18, 'in_action.chapter13', 'SlideShow', 1, 0, 208),
(209, 18, 'in_action.chapter13', 'ExplicitDestinations', 1, 0, 209),
(210, 18, 'in_action.chapter13', 'OutlineActions', 1, 0, 210),
(211, 18, 'in_action.chapter13', 'HelloWorldManipulateBookmarks', 1, 0, 211),
(212, 18, 'in_action.chapter13', 'HelloWorldCopyBookmarks', 1, 0, 212),
(213, 18, 'in_action.chapter13', 'NamedActions', 1, 0, 213),
(214, 18, 'in_action.chapter13', 'GotoActions', 1, 0, 214),
(215, 18, 'in_action.chapter13', 'EventTriggeredActions', 1, 0, 215),
(216, 18, 'in_action.chapter13', 'DocumentLevelJavaScript', 1, 0, 216),
(217, 18, 'in_action.chapter13', 'LaunchAction', 1, 0, 217),
(218, 18, 'in_action.chapter13', 'CourseCatalogBookmarked', 1, 0, 218),
(219, 19, 'in_action.chapter14', 'EmptyPages', 1, 0, 219),
(220, 19, 'in_action.chapter14', 'PageBoundaries', 1, 0, 220),
(221, 19, 'in_action.chapter14', 'ReorderPages', 1, 0, 221),
(222, 19, 'in_action.chapter14', 'HeaderFooterExample', 1, 0, 222),
(223, 19, 'in_action.chapter14', 'PageXofY', 1, 0, 223),
(224, 19, 'in_action.chapter14', 'WatermarkExample', 1, 0, 224),
(225, 19, 'in_action.chapter14', 'SlideShow', 1, 0, 225),
(226, 19, 'in_action.chapter14', 'ParagraphOutlines', 1, 0, 226),
(227, 19, 'in_action.chapter14', 'ChapterEvents', 1, 0, 227),
(228, 19, 'in_action.chapter14', 'SimpleLetter', 1, 0, 228),
(229, 19, 'in_action.chapter14', 'SimpleLetters', 1, 0, 229),
(230, 19, 'in_action.chapter14', 'RomeoJuliet', 1, 0, 230),
(231, 19, 'in_action.chapter14', 'HtmlParseExample', 1, 0, 231),
(232, 19, 'in_action.chapter14', 'ParsingHtml', 1, 0, 232),
(233, 19, 'in_action.chapter14', 'ParsingHtmlSnippets', 1, 0, 233),
(234, 19, 'in_action.chapter14', 'CourseCatalogEvents', 1, 0, 234),
(235, 20, 'in_action.chapter15', 'SimpleAnnotations', 1, 0, 235),
(236, 20, 'in_action.chapter15', 'TextAnnotations', 1, 0, 236),
(237, 20, 'in_action.chapter15', 'Annotations', 1, 0, 237),
(238, 20, 'in_action.chapter15', 'AnnotatedChunks', 1, 0, 238),
(239, 20, 'in_action.chapter15', 'AnnotatedImages', 1, 0, 239),
(240, 20, 'in_action.chapter15', 'Buttons', 1, 0, 240),
(241, 20, 'in_action.chapter15', 'Buttons2', 1, 0, 241),
(242, 20, 'in_action.chapter15', 'TextFields', 1, 0, 242),
(243, 20, 'in_action.chapter15', 'ChoiceFields', 1, 0, 243),
(244, 20, 'in_action.chapter15', 'SenderReceiver', 1, 0, 244),
(245, 20, 'in_action.chapter15', 'Calculator', 1, 0, 245),
(246, 20, 'in_action.chapter15', 'FieldActions', 1, 0, 246),
(247, 21, 'in_action.chapter16', 'RegisterForm1', 1, 0, 247),
(248, 21, 'in_action.chapter16', 'FillAcroForm1', 1, 0, 248),
(249, 21, 'in_action.chapter16', 'FillAcroForm2', 1, 0, 249),
(250, 21, 'in_action.chapter16', 'FillAcroForm3', 1, 0, 250),
(251, 21, 'in_action.chapter16', 'UnsignedSignatureField', 1, 0, 251),
(252, 21, 'in_action.chapter16', 'SignedSignatureField', 1, 0, 252),
(253, 21, 'in_action.chapter16', 'SignedPdf', 1, 0, 253),
(254, 22, 'in_action.chapter17', 'HelloWorldServlet', 0, 0, 254),
(255, 22, 'in_action.chapter17', 'OutSimplePdf', 0, 0, 255),
(256, 22, 'in_action.chapter17', 'helloworld.jsp', 0, 0, 256),
(257, 22, 'in_action.chapter17', 'user_agent.jsp', 0, 0, 257),
(258, 22, 'in_action.chapter17', 'ProgressServlet', 0, 0, 258),
(259, 22, 'in_action.chapter17', 'FoobarCourses', 0, 0, 259),
(260, 22, 'in_action.chapter17', 'FoobarLearningAgreement', 1, 0, 260),
(261, 23, 'in_action.chapter18', 'HelloWorld', 1, 0, 261),
(262, 23, 'in_action.chapter18', 'ClimbTheTree', 1, 0, 262),
(263, 23, 'in_action.chapter18', 'HelloWorldStream', 1, 0, 263),
(264, 23, 'in_action.chapter18', 'HelloWorldReverse', 1, 0, 264),
(265, 23, 'in_action.chapter18', 'HelloWorldStreamHack', 1, 0, 265),
(266, 23, 'in_action.chapter18', 'SilentPrinting', 1, 0, 266),
(267, 23, 'in_action.chapter18', 'ChangeURL', 1, 0, 267),
(268, 24, 'in_action.chapter05', 'Barcodes', 1, 0, 268),
(269, 24, 'in_action.chapterF', 'HelloWorldPdfX', 1, 0, 269),
(270, 24, 'in_action.chapterF', 'HelloWorldXmpMetadata', 1, 0, 270),
(271, 24, 'in_action.chapterF', 'HelloWorldXmpMetadata2', 1, 0, 271),
(272, 24, 'in_action.chapterF', 'HelloWorldReadMetadata', 1, 0, 272),
(273, 24, 'in_action.chapterF', 'HelloWorldAddMetadata', 1, 0, 273),
(274, 24, 'in_action.chapterF', 'MarkedContent', 1, 0, 274),
(275, 25, 'in_action.chapterX', 'ColumnTextExamples', 1, 0, 275),
(276, 25, 'in_action.chapterX', 'Kalligraphy', 1, 0, 276),
(277, 25, 'in_action.chapterX', 'NonBreakingSpace', 1, 0, 277),
(278, 25, 'in_action.chapterX', 'NonHyphenatingHyphen', 1, 0, 278),
(279, 25, 'in_action.chapterX', 'HelloWorldAddButton', 1, 0, 279),
(280, 25, 'in_action.chapterX', 'CellImageBackground', 1, 0, 280),
(281, 25, 'in_action.chapterX', 'FoobarTranscriptMerge', 1, 0, 281),
(282, 25, 'in_action.chapterX', 'HelloWorldUnicode', 1, 0, 282),
(283, 25, 'in_action.chapterX', 'GisExample', 1, 0, 283),
(284, 25, 'in_action.chapterX', 'NormalDistribution', 1, 0, 284),
(285, 25, 'in_action.chapterX', 'RotatePages', 1, 0, 285),
(286, 25, 'in_action.chapterX', 'TablesInColumns', 1, 0, 286),
(287, 25, 'in_action.chapterX', 'HelloWorldEncryptedAES', 1, 0, 287),
(288, 25, 'in_action.chapterX', 'EmbedFontPostFacto', 1, 0, 288),
(289, 25, 'in_action.chapterX', 'HelloWorldPackage', 1, 0, 289),
(290, 25, 'in_action.chapterX', 'ReplacePagesHack', 1, 0, 290),
(291, 25, 'in_action.chapterX', 'ReplacePagesHack2', 1, 0, 291),
(292, 25, 'in_action.chapterX', 'ReadOutLoud', 1, 0, 292),
(293, 25, 'in_action.chapterX', 'TooltipExample', 1, 0, 293),
(294, 25, 'in_action.chapterX', 'TooltipExample2', 1, 0, 294),
(295, 25, 'in_action.chapterX', 'TooltipExample3', 1, 0, 295),
(296, 25, 'in_action.chapterX', 'ExtractPageLabels', 1, 0, 296);

-- --------------------------------------------------------

--
-- Table structure for table `fonts`
--

DROP TABLE IF EXISTS `fonts`;
CREATE TABLE `fonts` (
  `id` int(11) NOT NULL AUTO_INCREMENT,
  `fontfile` varchar(20) NOT NULL DEFAULT '',
  `fontname` varchar(80) NOT NULL DEFAULT '',
  PRIMARY KEY (`id`)
) ENGINE=MyISAM  DEFAULT CHARSET=latin1 AUTO_INCREMENT=13 ;

--
-- Dumping data for table `fonts`
--

INSERT INTO `fonts` (`id`, `fontfile`, `fontname`) VALUES
(1, 'ARBLI___.ttf', 'Arial Black Italic'),
(2, 'arialbd.ttf', 'Arial Bold'),
(3, 'comic.ttf', 'Comic Sans'),
(4, 'msgothic.ttc', 'MS Gothic, MS PGothic, and MS UI Gothic'),
(5, 'arial.ttf', 'Arial'),
(6, 'arialuni.ttf', 'Arial Unicode'),
(7, 'angsa.ttf', 'Angsana New'),
(8, 'cour.ttf', 'Courier New'),
(9, 'gara.ttf', 'Garamond'),
(10, 'garabd.ttf', 'Garamond Bold'),
(11, 'garait.ttf', 'Garamond Italic'),
(12, 'webdings.ttf', 'Webdings');

-- --------------------------------------------------------

--
-- Table structure for table `fonts_link`
--

DROP TABLE IF EXISTS `fonts_link`;
CREATE TABLE `fonts_link` (
  `example_id` int(11) NOT NULL DEFAULT '0',
  `font_id` int(11) NOT NULL DEFAULT '0',
  KEY `example_id` (`example_id`)
) ENGINE=MyISAM DEFAULT CHARSET=latin1;

--
-- Dumping data for table `fonts_link`
--

INSERT INTO `fonts_link` (`example_id`, `font_id`) VALUES
(138, 1),
(140, 2),
(141, 3),
(144, 4),
(146, 2),
(147, 6),
(148, 7),
(148, 6),
(149, 5),
(149, 8),
(150, 5),
(150, 8),
(151, 5),
(152, 6),
(153, 5),
(153, 9),
(153, 10),
(153, 11),
(154, 7),
(154, 9),
(154, 10),
(154, 11),
(157, 6),
(188, 9),
(191, 6),
(200, 12),
(201, 12),
(282, 6);

-- --------------------------------------------------------

--
-- Table structure for table `helpers`
--

DROP TABLE IF EXISTS `helpers`;
CREATE TABLE `helpers` (
  `id` int(11) NOT NULL AUTO_INCREMENT,
  `directory` varchar(20) NOT NULL,
  `name` varchar(40) NOT NULL DEFAULT '',
  PRIMARY KEY (`id`)
) ENGINE=MyISAM  DEFAULT CHARSET=latin1 AUTO_INCREMENT=15 ;

--
-- Dumping data for table `helpers`
--

INSERT INTO `helpers` (`id`, `directory`, `name`) VALUES
(1, 'in_action/chapter10', 'FoobarSvgHandler'),
(2, 'in_action/chapter11', 'FoobarSvgTextHandler'),
(3, 'in_action/chapter12', 'SunTutorialExample'),
(4, 'in_action/chapter14', 'SimpleLetter'),
(5, 'in_action/chapter13', 'CourseCatalogBookmarked'),
(6, 'in_action/chapter16', 'RegisterForm1'),
(7, 'in_action/chapter16', 'UnsignedSignatureField'),
(8, 'in_action/chapter02', 'HelloWorldForm'),
(9, 'in_action/chapterX', 'FoobarTranscriptOfRecords'),
(10, 'in_action/chapterX', 'FoobarTranscriptOfRecordsFR'),
(11, 'in_action/chapter02', 'HelloWorldCopy'),
(12, 'in_action/chapterX', 'Page'),
(13, 'in_action/chapterX', 'ReplacePagesHack'),
(14, 'in_action/chapter17', 'FoobarLearningAgreement');

-- --------------------------------------------------------

--
-- Table structure for table `helpers_link`
--

DROP TABLE IF EXISTS `helpers_link`;
CREATE TABLE `helpers_link` (
  `example_id` int(11) NOT NULL DEFAULT '0',
  `helper_id` int(11) NOT NULL DEFAULT '0',
  KEY `example_id` (`example_id`)
) ENGINE=MyISAM DEFAULT CHARSET=latin1;

--
-- Dumping data for table `helpers_link`
--

INSERT INTO `helpers_link` (`example_id`, `helper_id`) VALUES
(173, 1),
(186, 1),
(186, 2),
(188, 3),
(229, 4),
(234, 5),
(248, 6),
(250, 6),
(252, 7),
(279, 8),
(281, 9),
(281, 10),
(182, 8),
(289, 11),
(290, 12),
(291, 13),
(291, 12),
(281, 14);

-- --------------------------------------------------------

--
-- Table structure for table `jars`
--

DROP TABLE IF EXISTS `jars`;
CREATE TABLE `jars` (
  `id` int(11) NOT NULL AUTO_INCREMENT,
  `jar` varchar(40) NOT NULL DEFAULT '',
  PRIMARY KEY (`id`)
) ENGINE=MyISAM  DEFAULT CHARSET=latin1 AUTO_INCREMENT=22 ;

--
-- Dumping data for table `jars`
--

INSERT INTO `jars` (`id`, `jar`) VALUES
(1, 'itext-hyph-xml.jar'),
(2, 'iTextAsian.jar'),
(3, 'jfreechart.jar'),
(4, 'jcommon.jar'),
(5, 'batik-awt-util.jar'),
(6, 'batik-bridge.jar'),
(7, 'batik-css.jar'),
(8, 'batik-util.jar'),
(9, 'batik-ext.jar'),
(10, 'batik-gvt.jar'),
(11, 'batik-dom.jar'),
(12, 'batik-parser.jar'),
(13, 'batik-script.jar'),
(14, 'batik-svg-dom.jar'),
(15, 'batik-xml.jar'),
(16, 'bcmail-jdk14-138.jar'),
(17, 'bcprov-jdk14-138.jar'),
(18, 'iText-toolbox.jar'),
(19, 'iText-rtf.jar'),
(20, 'xerces_2_5_0.jar'),
(21, 'servlet.jar');

-- --------------------------------------------------------

--
-- Table structure for table `jars_link`
--

DROP TABLE IF EXISTS `jars_link`;
CREATE TABLE `jars_link` (
  `example_id` int(11) NOT NULL DEFAULT '0',
  `jar_id` int(11) NOT NULL DEFAULT '0',
  KEY `example_id` (`example_id`)
) ENGINE=MyISAM DEFAULT CHARSET=latin1;

--
-- Dumping data for table `jars_link`
--

INSERT INTO `jars_link` (`example_id`, `jar_id`) VALUES
(61, 1),
(142, 2),
(145, 2),
(156, 2),
(189, 2),
(194, 3),
(194, 4),
(200, 5),
(200, 6),
(200, 7),
(200, 8),
(200, 9),
(200, 10),
(200, 11),
(200, 12),
(200, 13),
(200, 14),
(200, 15),
(201, 5),
(201, 6),
(201, 7),
(201, 8),
(201, 9),
(201, 10),
(201, 11),
(201, 12),
(201, 13),
(201, 14),
(201, 15),
(287, 16),
(287, 17),
(42, 16),
(42, 17),
(43, 16),
(43, 17),
(2, 18),
(206, 18),
(227, 18),
(15, 19),
(11, 19),
(112, 19),
(200, 20),
(201, 20),
(252, 16),
(253, 16),
(252, 17),
(253, 17),
(254, 21),
(255, 21),
(259, 21),
(258, 21),
(254, 19);

-- --------------------------------------------------------

--
-- Table structure for table `resources`
--

DROP TABLE IF EXISTS `resources`;
CREATE TABLE `resources` (
  `id` int(11) NOT NULL AUTO_INCREMENT,
  `directory` varchar(20) NOT NULL,
  `name` varchar(40) NOT NULL DEFAULT '',
  PRIMARY KEY (`id`)
) ENGINE=MyISAM  DEFAULT CHARSET=latin1 AUTO_INCREMENT=122 ;

--
-- Dumping data for table `resources`
--

INSERT INTO `resources` (`id`, `directory`, `name`) VALUES
(1, 'in_action/chapter02', 'watermark.jpg'),
(2, 'in_action/chapter04', 'foobar.html'),
(3, 'in_action/chapter05', 'animated_fox_dog.gif'),
(4, 'in_action/chapter05', 'dog.gif'),
(5, 'in_action/chapter05', 'fox.gif'),
(6, 'in_action/chapter05', 'foxdog.bmp'),
(7, 'in_action/chapter05', 'foxdog.gif'),
(8, 'in_action/chapter05', 'foxdog.jpg'),
(9, 'in_action/chapter05', 'foxdog.png'),
(10, 'in_action/chapter05', 'foxdog.tiff'),
(11, 'in_action/chapter05', 'foxdog.wmf'),
(12, 'in_action/chapter05', 'foxdog_multiplepages.tif'),
(13, 'in_action/chapter05', 'hitchcock.gif'),
(14, 'in_action/chapter05', 'hitchcock.png'),
(15, 'in_action/chapter05', 'shield_tuf.gif'),
(17, 'in_action/chapter06', 'foxdog.jpg'),
(18, 'in_action/chapter06', 'studyprogram.xml'),
(19, 'in_action/chapter07', 'caesar.txt'),
(20, 'in_action/chapter07', 'caesar.jpg'),
(21, 'in_action/chapter07', '8001.jpg'),
(22, 'in_action/chapter07', '8001.xml'),
(23, 'in_action/chapter07', '8002.jpg'),
(24, 'in_action/chapter07', '8002.xml'),
(25, 'in_action/chapter07', '8003.jpg'),
(26, 'in_action/chapter07', '8003.xml'),
(27, 'in_action/chapter07', '8010.jpg'),
(28, 'in_action/chapter07', '8010.xml'),
(29, 'in_action/chapter07', '8011.jpg'),
(30, 'in_action/chapter07', '8011.xml'),
(31, 'in_action/chapter07', '8020.jpg'),
(32, 'in_action/chapter07', '8020.xml'),
(33, 'in_action/chapter07', '8021.xml'),
(34, 'in_action/chapter07', '8022.jpg'),
(35, 'in_action/chapter07', '8022.xml'),
(36, 'in_action/chapter07', '8030.jpg'),
(37, 'in_action/chapter07', '8030.xml'),
(38, 'in_action/chapter07', '8031.jpg'),
(39, 'in_action/chapter07', '8031.xml'),
(40, 'in_action/chapter07', '8032.jpg'),
(41, 'in_action/chapter07', '8032.xml'),
(42, 'in_action/chapter07', '8033.jpg'),
(43, 'in_action/chapter07', '8033.xml'),
(44, 'in_action/chapter07', '8040.jpg'),
(45, 'in_action/chapter07', '8040.xml'),
(46, 'in_action/chapter07', '8041.jpg'),
(47, 'in_action/chapter07', '8041.xml'),
(48, 'in_action/chapter07', '8042.jpg'),
(49, 'in_action/chapter07', '8042.xml'),
(50, 'in_action/chapter07', '8043.jpg'),
(51, 'in_action/chapter07', '8043.xml'),
(52, 'in_action/chapter07', '8051.jpg'),
(53, 'in_action/chapter07', '8051.xml'),
(54, 'in_action/chapter07', '8052.jpg'),
(55, 'in_action/chapter07', '8052.xml'),
(56, 'in_action/chapter08', 'putr8a.afm'),
(57, 'in_action/chapter08', 'cmr10.afm'),
(58, 'in_action/chapter08', 'putr8a.pfb'),
(59, 'in_action/chapter08', 'cmr10.pfb'),
(60, 'in_action/chapter08', 'cmr10.pfm'),
(61, 'in_action/chapter08', 'esl_gothic_shavian.otf'),
(62, 'in_action/chapter08', 'esl_gothic_unicode.ttf'),
(63, 'in_action/chapter09', 'say_peace.xml'),
(64, 'in_action/chapter09', 'tears.jpg'),
(65, 'in_action/chapter09', 'peace.xml'),
(66, 'in_action/chapter09', 'abserif4_5.ttf'),
(67, 'in_action/chapter09', 'damase.ttf'),
(68, 'in_action/chapter09', 'fsex2p00_public.ttf'),
(69, 'in_action/chapter10', 'iTextLogo.gif'),
(70, 'in_action/chapter10', 'foobarcity.svg'),
(71, 'in_action/chapter11', 'streets.svg'),
(72, 'in_action/chapter12', 'straten.svg'),
(73, 'in_action/chapter12', 'rues.svg'),
(74, 'in_action/chapter12', 'map.jpg'),
(75, 'in_action/chapter13', 'fox dog 0.gif'),
(76, 'in_action/chapter13', 'fox dog 1.gif'),
(77, 'in_action/chapter13', 'fox dog 2.gif'),
(78, 'in_action/chapter13', 'fox dog 3.gif'),
(79, 'in_action/chapter13', 'fox dog 4.gif'),
(80, 'in_action/chapter13', 'fox dog 5.gif'),
(81, 'in_action/chapter13', 'fox dog 6.gif'),
(82, 'in_action/chapter13', 'fox dog 7.gif'),
(83, 'in_action/chapter13', 'fox dog 8.gif'),
(84, 'in_action/chapter13', 'fox dog 9.gif'),
(85, 'in_action/chapter13', 'test.txt'),
(86, 'in_action/chapter14', 'simple_letter.xml'),
(87, 'in_action/chapter14', 'romeo_juliet.xml'),
(88, 'in_action/chapter14', 'tagmap.xml'),
(89, 'in_action/chapter14', 'example.html'),
(90, 'in_action/chapter14', 'list.html'),
(91, 'in_action/chapter15', 'foxdog.mpg'),
(92, 'in_action/chapter15', 'form.jsp'),
(93, 'in_action/chapter16', 'laura.jpg'),
(94, 'in_action/chapter16', 'formfields.xfdf'),
(95, 'in_action/chapter16', '.keystore'),
(96, 'in_action/chapter16', 'foobar.cer'),
(97, 'in_action/chapter17', 'courses.csv'),
(98, 'in_action/chapter17', 'learning_agreement.jsp'),
(99, 'in_action/chapter18', 'learning_agreement.pdf'),
(100, 'in_action/chapter18', 'agreementform.jsp'),
(101, 'in_action/chapter18', 'letter.txt'),
(102, 'in_action/chapterX', 'fflogo.jpg'),
(103, 'in_action/chapterX', 'file.gif'),
(104, 'in_action/chapterX', 'dir.gif'),
(105, 'in_action/chapterX', 'Grades.xfdf'),
(106, 'in_action/chapterX', 'foobar.png'),
(107, 'in_action/chapterX', 'foobar_thumb.png'),
(108, 'in_action/chapterX', 'test.csv'),
(109, 'in_action/chapterX', 'kubrick01.jpg'),
(110, 'in_action/chapterX', 'kubrick02.jpg'),
(111, 'in_action/chapterX', 'kubrick03.jpg'),
(112, 'in_action/chapterX', 'kubrick04.jpg'),
(113, 'in_action/chapterX', 'kubrick05.jpg'),
(114, 'in_action/chapterX', 'kubrick06.jpg'),
(115, 'in_action/chapterX', 'kubrick07.jpg'),
(116, 'in_action/chapterX', 'kubrick08.jpg'),
(117, 'in_action/chapterX', 'kubrick09.jpg'),
(118, 'in_action/chapterX', 'kubrick10.jpg'),
(119, 'in_action/chapterX', 'kubrick11.jpg'),
(120, 'in_action/chapterX', 'kubrick12.jpg'),
(121, 'in_action/chapterX', 'page_labels.pdf');

-- --------------------------------------------------------

--
-- Table structure for table `resources_link`
--

DROP TABLE IF EXISTS `resources_link`;
CREATE TABLE `resources_link` (
  `example_id` int(11) NOT NULL DEFAULT '0',
  `resource_id` int(11) NOT NULL DEFAULT '0',
  KEY `example_id` (`example_id`)
) ENGINE=MyISAM DEFAULT CHARSET=latin1;

--
-- Dumping data for table `resources_link`
--

INSERT INTO `resources_link` (`example_id`, `resource_id`) VALUES
(24, 1),
(25, 1),
(70, 2),
(71, 8),
(71, 7),
(71, 9),
(71, 10),
(71, 11),
(71, 6),
(72, 12),
(73, 3),
(74, 13),
(75, 14),
(76, 8),
(79, 8),
(79, 7),
(79, 9),
(80, 8),
(80, 7),
(81, 5),
(81, 4),
(82, 8),
(83, 8),
(83, 4),
(84, 8),
(85, 8),
(86, 10),
(87, 8),
(88, 8),
(89, 2),
(89, 15),
(104, 17),
(114, 18),
(115, 19),
(116, 19),
(117, 19),
(118, 19),
(119, 19),
(120, 19),
(121, 19),
(122, 19),
(122, 20),
(123, 19),
(124, 21),
(125, 21),
(129, 19),
(130, 21),
(130, 22),
(130, 23),
(130, 24),
(130, 25),
(130, 26),
(130, 27),
(130, 28),
(130, 29),
(130, 30),
(130, 31),
(130, 32),
(130, 33),
(130, 34),
(130, 35),
(130, 36),
(130, 37),
(130, 38),
(130, 39),
(130, 40),
(130, 41),
(130, 42),
(130, 43),
(130, 44),
(130, 45),
(130, 46),
(130, 47),
(130, 48),
(130, 49),
(130, 50),
(130, 51),
(130, 52),
(130, 53),
(130, 54),
(130, 55),
(134, 56),
(134, 57),
(135, 56),
(135, 58),
(135, 57),
(135, 59),
(139, 61),
(136, 60),
(136, 59),
(143, 62),
(147, 63),
(148, 64),
(153, 59),
(153, 60),
(154, 56),
(154, 58),
(154, 57),
(154, 62),
(157, 65),
(157, 66),
(157, 67),
(157, 68),
(171, 69),
(172, 69),
(173, 70),
(176, 69),
(178, 8),
(181, 8),
(182, 8),
(183, 8),
(186, 70),
(186, 71),
(199, 69),
(200, 70),
(200, 71),
(200, 72),
(200, 73),
(200, 74),
(201, 70),
(201, 71),
(201, 72),
(201, 73),
(201, 74),
(207, 8),
(206, 75),
(206, 76),
(206, 77),
(206, 78),
(206, 79),
(206, 80),
(206, 81),
(206, 82),
(206, 83),
(206, 84),
(208, 75),
(208, 76),
(208, 77),
(208, 78),
(208, 79),
(208, 80),
(208, 81),
(208, 82),
(208, 83),
(208, 84),
(217, 85),
(218, 21),
(218, 22),
(218, 23),
(218, 24),
(218, 25),
(218, 26),
(218, 27),
(218, 28),
(218, 29),
(218, 30),
(218, 31),
(218, 32),
(218, 33),
(218, 34),
(218, 35),
(218, 36),
(218, 37),
(218, 38),
(218, 39),
(218, 40),
(218, 41),
(218, 42),
(218, 43),
(218, 44),
(218, 45),
(218, 46),
(218, 47),
(218, 48),
(218, 49),
(218, 50),
(218, 51),
(218, 52),
(218, 53),
(218, 54),
(218, 55),
(224, 69),
(225, 75),
(225, 76),
(225, 77),
(225, 78),
(225, 79),
(225, 80),
(225, 81),
(225, 82),
(225, 83),
(225, 84),
(226, 19),
(228, 69),
(229, 69),
(228, 86),
(229, 86),
(230, 87),
(230, 88),
(231, 89),
(232, 89),
(233, 90),
(234, 15),
(234, 21),
(234, 22),
(234, 23),
(234, 24),
(234, 25),
(234, 26),
(234, 27),
(234, 28),
(234, 29),
(234, 30),
(234, 31),
(234, 32),
(234, 33),
(234, 34),
(234, 35),
(234, 36),
(234, 37),
(234, 38),
(234, 39),
(234, 40),
(234, 41),
(234, 42),
(234, 43),
(234, 44),
(234, 45),
(234, 46),
(234, 47),
(234, 48),
(234, 49),
(234, 50),
(234, 51),
(234, 52),
(234, 53),
(234, 54),
(234, 55),
(235, 91),
(237, 8),
(237, 91),
(239, 8),
(239, 69),
(244, 92),
(249, 93),
(250, 94),
(252, 95),
(253, 95),
(253, 96),
(260, 97),
(260, 98),
(267, 99),
(267, 100),
(267, 101),
(280, 102),
(280, 103),
(280, 104),
(281, 105),
(283, 106),
(283, 107),
(284, 108),
(288, 66),
(290, 5),
(290, 4),
(290, 13),
(291, 5),
(291, 4),
(291, 13),
(292, 115),
(296, 121);

-- --------------------------------------------------------

--
-- Table structure for table `samples`
--

DROP TABLE IF EXISTS `samples`;
CREATE TABLE `samples` (
  `id` int(11) NOT NULL AUTO_INCREMENT,
  `directory` varchar(20) NOT NULL,
  `name` varchar(40) NOT NULL DEFAULT '',
  PRIMARY KEY (`id`)
) ENGINE=MyISAM  DEFAULT CHARSET=latin1 AUTO_INCREMENT=400 ;

--
-- Dumping data for table `samples`
--

INSERT INTO `samples` (`id`, `directory`, `name`) VALUES
(1, 'in_action/chapter01', 'HelloWorld.pdf'),
(2, 'in_action/chapter01', 'HelloWorldRead.pdf'),
(3, 'in_action/chapter01', 'HelloWorldRead_1.pdf'),
(4, 'in_action/chapter01', 'HelloWorldRead_2.pdf'),
(5, 'in_action/chapter01', 'HelloWorldRead_3.pdf'),
(6, 'in_action/chapter02', 'HelloWorld.pdf'),
(7, 'in_action/chapter02', 'HelloWorldNarrow.pdf'),
(8, 'in_action/chapter02', 'HelloWorldLetter.pdf'),
(9, 'in_action/chapter02', 'HelloWorldLandscape.pdf'),
(10, 'in_action/chapter02', 'HelloWorldLandscape2.pdf'),
(11, 'in_action/chapter02', 'HelloWorldBlue.pdf'),
(12, 'in_action/chapter02', 'HelloWorldMargins.pdf'),
(13, 'in_action/chapter02', 'HelloWorldMirroredMargins.pdf'),
(14, 'in_action/chapter02', 'HelloWorldMultiple.htm'),
(15, 'in_action/chapter02', 'HelloWorldMultiple.rtf'),
(16, 'in_action/chapter02', 'HelloWorldMultiple.pdf'),
(17, 'in_action/chapter02', 'HelloWorldOpen.pdf'),
(18, 'in_action/chapter02', 'HelloWorld_1_6.pdf'),
(19, 'in_action/chapter02', 'HelloWorldMetadata.htm'),
(20, 'in_action/chapter02', 'HelloWorldMetadata.rtf'),
(21, 'in_action/chapter02', 'HelloWorldMetadata.pdf'),
(22, 'in_action/chapter02', 'HelloWorldAbsolute.pdf'),
(23, 'in_action/chapter02', 'HelloWorldGraphics2D.pdf'),
(24, 'in_action/chapter02', 'HelloWorldToRead.pdf'),
(25, 'in_action/chapter02', 'HelloWorldRead.pdf'),
(26, 'in_action/chapter02', 'bookmarks.xml'),
(27, 'in_action/chapter02', 'HelloWorldNoMetadata.pdf'),
(28, 'in_action/chapter02', 'HelloWorldStampedMetadata.pdf'),
(29, 'in_action/chapter02', 'HelloWorldForm.pdf'),
(30, 'in_action/chapter02', 'HelloWorldFilledInForm.pdf'),
(31, 'in_action/chapter02', 'HelloWorldFilledInFlattened.pdf'),
(32, 'in_action/chapter02', 'HelloWorldStamper.pdf'),
(33, 'in_action/chapter02', 'HelloWorldStamper2.pdf'),
(34, 'in_action/chapter02', 'HelloWorldStamperAdvanced.pdf'),
(35, 'in_action/chapter02', 'HelloWorldStamperImportedPages.pdf'),
(36, 'in_action/chapter02', 'HelloWorldToImport.pdf'),
(37, 'in_action/chapter02', 'HelloWorldImportedPages.pdf'),
(38, 'in_action/chapter02', 'HelloWorldFolded.pdf'),
(39, 'in_action/chapter02', 'Hello1.pdf'),
(40, 'in_action/chapter02', 'Hello2.pdf'),
(41, 'in_action/chapter02', 'Hello3.pdf'),
(42, 'in_action/chapter02', 'HelloWorldPdfCopy123.pdf'),
(43, 'in_action/chapter02', 'HelloWorldMultiplePages.pdf'),
(44, 'in_action/chapter02', 'HelloWorldSelectPagesOdd.pdf'),
(45, 'in_action/chapter02', 'HelloWorldSelectPagesEven.pdf'),
(46, 'in_action/chapter02', 'HelloWorldSelectPages12379.pdf'),
(47, 'in_action/chapter02', 'HelloSelectedOdd.pdf'),
(48, 'in_action/chapter02', 'HelloSelectedEven.pdf'),
(49, 'in_action/chapter02', 'HelloSelected12379.pdf'),
(50, 'in_action/chapter02', 'HelloWorldForm1.pdf'),
(51, 'in_action/chapter02', 'HelloWorldForm2.pdf'),
(52, 'in_action/chapter02', 'HelloWorldForm3.pdf'),
(53, 'in_action/chapter02', 'HelloWorldCopyForm.pdf'),
(54, 'in_action/chapter02', 'HelloWorldCopyFields.pdf'),
(55, 'in_action/chapter02', 'HelloLetter.pdf'),
(56, 'in_action/chapter02', 'HelloWorldStampCopy.pdf'),
(57, 'in_action/chapter02', 'HelloWorldLetter1.pdf'),
(58, 'in_action/chapter02', 'HelloWorldLetter2.pdf'),
(59, 'in_action/chapter02', 'HelloWorldCopyStamp.pdf'),
(60, 'in_action/chapter02', 'HelloWorldStampCopyStamp.pdf'),
(61, 'in_action/chapter03', 'HelloWorldMaximum.pdf'),
(62, 'in_action/chapter03', 'HelloWorldUncompressed.pdf'),
(63, 'in_action/chapter03', 'HelloWorldFullyCompressed.pdf'),
(64, 'in_action/chapter03', 'HelloWorldCompressed.pdf'),
(65, 'in_action/chapter03', 'HelloWorldFullCompression.pdf'),
(66, 'in_action/chapter03', 'HelloWorldDecompressed.pdf'),
(67, 'in_action/chapter03', 'HelloWorldNotEncrypted.pdf'),
(68, 'in_action/chapter03', 'HelloWorldEncrypted1.pdf'),
(69, 'in_action/chapter03', 'HelloWorldEncrypted2.pdf'),
(70, 'in_action/chapter03', 'HelloWorldDecrypted.pdf'),
(71, 'in_action/chapter03', 'HelloWorldEncrypted.pdf'),
(72, 'in_action/chapter04', 'fox_dog_chunk.pdf'),
(73, 'in_action/chapter04', 'fox_dog_overlapping_chunks.pdf'),
(74, 'in_action/chapter04', 'fox_dog_phrases.pdf'),
(75, 'in_action/chapter04', 'fox_dog_paragraph.pdf'),
(76, 'in_action/chapter04', 'fox_dog_anchors_external.pdf'),
(77, 'in_action/chapter04', 'fox_dog_anchors_internal.pdf'),
(78, 'in_action/chapter04', 'fox_dog_list1.pdf'),
(79, 'in_action/chapter04', 'fox_dog_list2.pdf'),
(80, 'in_action/chapter04', 'fox_dog_chapter1.pdf'),
(81, 'in_action/chapter04', 'fox_dog_chapter2.pdf'),
(82, 'in_action/chapter04', 'fox_dog_scaling.pdf'),
(83, 'in_action/chapter04', 'fox_dog_underline.pdf'),
(84, 'in_action/chapter04', 'fox_dog_supsubscript.pdf'),
(85, 'in_action/chapter04', 'fox_dog_skew.pdf'),
(86, 'in_action/chapter04', 'fox_dog_color.pdf'),
(87, 'in_action/chapter04', 'fox_dog_render.pdf'),
(88, 'in_action/chapter04', 'fox_dog_split.pdf'),
(89, 'in_action/chapter04', 'dickens.pdf'),
(90, 'in_action/chapter04', 'fox_dog_space_char_ratio.pdf'),
(91, 'in_action/chapter04', 'fox_dog_goto1.pdf'),
(92, 'in_action/chapter04', 'fox.pdf'),
(93, 'in_action/chapter04', 'dog.pdf'),
(94, 'in_action/chapter04', 'fox_dog_goto3.pdf'),
(95, 'in_action/chapter04', 'fox_dog_goto4.pdf'),
(96, 'in_action/chapter04', 'fox_dog_generic1.pdf'),
(97, 'in_action/chapter04', 'fox_dog_generic2.pdf'),
(98, 'in_action/chapter04', 'fox_dog_generic3.pdf'),
(99, 'in_action/chapter04', 'fancyflyer.pdf'),
(100, 'in_action/chapter05', 'fox_dog_imagetypes.pdf'),
(101, 'in_action/chapter05', 'fox_dog_tiff.pdf'),
(102, 'in_action/chapter05', 'fox_dog_gif.pdf'),
(103, 'in_action/chapter05', 'hitchcock_awt_image.pdf'),
(104, 'in_action/chapter05', 'hitchcock.pdf'),
(105, 'in_action/chapter05', 'hitchcock10.pdf'),
(106, 'in_action/chapter05', 'hitchcock20.pdf'),
(107, 'in_action/chapter05', 'hitchcock100.pdf'),
(108, 'in_action/chapter05', 'hitchcockAwt.pdf'),
(109, 'in_action/chapter05', 'fox_dog_raw_image.pdf'),
(110, 'in_action/chapter05', 'barcodes.pdf'),
(111, 'in_action/chapter05', 'fox_dog_image_alignment.pdf'),
(112, 'in_action/chapter05', 'fox_dog_image_wrapping.pdf'),
(113, 'in_action/chapter05', 'fox_dog_imagechunk.pdf'),
(114, 'in_action/chapter05', 'fox_dog_image_rectangle.pdf'),
(115, 'in_action/chapter05', 'fox_dog_imageNotInSequence.pdf'),
(116, 'in_action/chapter05', 'fox_dog_imageInSequence.pdf'),
(117, 'in_action/chapter05', 'fox_dog_image_translation.pdf'),
(118, 'in_action/chapter05', 'fox_dog_image_scaling1.pdf'),
(119, 'in_action/chapter05', 'fox_dog_image_scaling2.pdf'),
(120, 'in_action/chapter05', 'fox_dog_image_rotation.pdf'),
(121, 'in_action/chapter05', 'fox_dog_image_mask.pdf'),
(122, 'in_action/chapter05', 'fancyflyer.pdf'),
(123, 'in_action/chapter06', 'my_first_pdfptable.pdf'),
(124, 'in_action/chapter06', 'pdfptable_aligned.pdf'),
(125, 'in_action/chapter06', 'pdfptable_absolute_width.pdf'),
(126, 'in_action/chapter06', 'pdfptable_column_widths.pdf'),
(127, 'in_action/chapter06', 'pdfptable_absolute_widths.pdf'),
(128, 'in_action/chapter06', 'pdfptable_absolute_columns.pdf'),
(129, 'in_action/chapter06', 'pdfptable_spacing.pdf'),
(130, 'in_action/chapter06', 'pdfptable_without_borders.pdf'),
(131, 'in_action/chapter06', 'pdfptable_cell_alignment.pdf'),
(132, 'in_action/chapter06', 'pdfptable_cellspacing.pdf'),
(133, 'in_action/chapter06', 'pdfptable_cellheights.pdf'),
(134, 'in_action/chapter06', 'pdfptable_colors.pdf'),
(135, 'in_action/chapter06', 'pdfptable_vertical_cells.pdf'),
(136, 'in_action/chapter06', 'pdfptable_nested.pdf'),
(137, 'in_action/chapter06', 'pdfptable_images.pdf'),
(138, 'in_action/chapter06', 'SplitRowsBetween.pdf'),
(139, 'in_action/chapter06', 'SplitRowsWithin.pdf'),
(140, 'in_action/chapter06', 'OmitRows.pdf'),
(141, 'in_action/chapter06', 'pdfptable_repeated.pdf'),
(142, 'in_action/chapter06', 'pdfptable_repeated2.pdf'),
(143, 'in_action/chapter06', 'pdfptable_large.pdf'),
(144, 'in_action/chapter06', 'pdfptable_compared.pdf'),
(145, 'in_action/chapter06', 'pdfptable_writeselectedrows.pdf'),
(146, 'in_action/chapter06', 'pdfptable_split_vertically.pdf'),
(147, 'in_action/chapter06', 'my_first_table.pdf'),
(148, 'in_action/chapter06', 'my_first_table.htm'),
(149, 'in_action/chapter06', 'my_first_table.rtf'),
(150, 'in_action/chapter06', 'specific_cells.pdf'),
(151, 'in_action/chapter06', 'studyprogram.pdf'),
(152, 'in_action/chapter06', 'studyprogram.htm'),
(153, 'in_action/chapter07', 'caesar.pdf'),
(154, 'in_action/chapter07', 'paragraphs.pdf'),
(155, 'in_action/chapter07', 'column_with_add_text.pdf'),
(156, 'in_action/chapter07', 'column_set_simple_column.pdf'),
(157, 'in_action/chapter07', 'column_set_text.pdf'),
(158, 'in_action/chapter07', 'column_control.pdf'),
(159, 'in_action/chapter07', 'columns_regular.pdf'),
(160, 'in_action/chapter07', 'columns_irregular.pdf'),
(161, 'in_action/chapter07', 'column_properties.pdf'),
(162, 'in_action/chapter07', 'column_elements.pdf'),
(163, 'in_action/chapter07', 'column_with_add_element.pdf'),
(164, 'in_action/chapter07', 'poem.pdf'),
(165, 'in_action/chapter07', 'poem_reverse.pdf'),
(166, 'in_action/chapter07', 'poemcolumns.pdf'),
(167, 'in_action/chapter07', 'multicolumn_irregular.pdf'),
(168, 'in_action/chapter07', 'coursecatalog.pdf'),
(169, 'in_action/chapter07', 'coursecatalog.pdf'),
(172, 'in_action/chapter08', 'standard_type1_fonts.pdf'),
(173, 'in_action/chapter08', 'font_metrics.pdf'),
(174, 'in_action/chapter08', 'standard_type1_font_afm.pdf'),
(175, 'in_action/chapter08', 'type1_font_afm.pdf'),
(176, 'in_action/chapter08', 'type1_font_pfb_with_afm.pdf'),
(177, 'in_action/chapter08', 'type1_font_pfb_with_pfm.pdf'),
(178, 'in_action/chapter08', 'type3.pdf'),
(179, 'in_action/chapter08', 'ttf.pdf'),
(180, 'in_action/chapter08', 'cff.pdf'),
(181, 'in_action/chapter08', 'ttf_encoding.pdf'),
(182, 'in_action/chapter08', 'font_not_embedded.pdf'),
(183, 'in_action/chapter08', 'font_embedded1.pdf'),
(184, 'in_action/chapter08', 'font_embedded2.pdf'),
(185, 'in_action/chapter08', 'cjk.pdf'),
(186, 'in_action/chapter08', 'cid_ttoutlines.pdf'),
(187, 'in_action/chapter08', 'ttc.pdf'),
(188, 'in_action/chapter09', 'vertical_text.pdf'),
(189, 'in_action/chapter09', 'right_to_left.pdf'),
(190, 'in_action/chapter09', 'say_peace.pdf'),
(191, 'in_action/chapter09', 'diacritics1.pdf'),
(192, 'in_action/chapter09', 'diacritics2.pdf'),
(193, 'in_action/chapter09', 'monospace.pdf'),
(194, 'in_action/chapter09', 'ligatures1.pdf'),
(195, 'in_action/chapter09', 'ligatures2.pdf'),
(196, 'in_action/chapter09', 'font_factory1.pdf'),
(197, 'in_action/chapter09', 'font_factory2.pdf'),
(198, 'in_action/chapter09', 'symbol_substitution.pdf'),
(199, 'in_action/chapter09', 'font_selection.pdf'),
(200, 'in_action/chapter09', 'peace.pdf'),
(201, 'in_action/chapter10', 'invisible_rectangles.pdf'),
(202, 'in_action/chapter10', 'paths1.pdf'),
(203, 'in_action/chapter10', 'paths2.pdf'),
(204, 'in_action/chapter10', 'paths3.pdf'),
(205, 'in_action/chapter10', 'paths4.pdf'),
(206, 'in_action/chapter10', 'direct_content.pdf'),
(207, 'in_action/chapter10', 'pdfptable_cell_events.pdf'),
(208, 'in_action/chapter10', 'pdfptable_events.pdf'),
(209, 'in_action/chapter10', 'pdfptable_floating_boxes.pdf'),
(210, 'in_action/chapter10', 'graphics_state_stack.pdf'),
(211, 'in_action/chapter10', 'line_characteristics.pdf'),
(212, 'in_action/chapter10', 'eye_logo.pdf'),
(213, 'in_action/chapter10', 'eye_coordinates.pdf'),
(214, 'in_action/chapter10', 'eye_images.pdf'),
(215, 'in_action/chapter10', 'eye_inline_image.pdf'),
(216, 'in_action/chapter10', 'foobarcity.pdf'),
(217, 'in_action/chapter11', 'device_color.pdf'),
(218, 'in_action/chapter11', 'separation_color.pdf'),
(219, 'in_action/chapter11', 'patterns.pdf'),
(220, 'in_action/chapter11', 'shading_patterns.pdf'),
(221, 'in_action/chapter11', 'colored_paragraphs.pdf'),
(222, 'in_action/chapter11', 'transparency1.pdf'),
(223, 'in_action/chapter11', 'transparency2.pdf'),
(224, 'in_action/chapter11', 'transparency3.pdf'),
(225, 'in_action/chapter11', 'template_clip.pdf'),
(226, 'in_action/chapter11', 'clipping_path.pdf'),
(227, 'in_action/chapter11', 'text_operators.pdf'),
(228, 'in_action/chapter11', 'text_methods.pdf'),
(229, 'in_action/chapter11', 'foobar_streets.pdf'),
(230, 'in_action/chapter12', 'sun_tutorial.pdf'),
(231, 'in_action/chapter12', 'sun_tutorial_with_text.pdf'),
(232, 'in_action/chapter12', 'japanese1.pdf'),
(233, 'in_action/chapter12', 'japanese2.pdf'),
(234, 'in_action/chapter12', 'hindi.pdf'),
(235, 'in_action/chapter12', 'my_jtable_fonts.pdf'),
(236, 'in_action/chapter12', 'my_jtable_shapes.pdf'),
(237, 'in_action/chapter12', 'editor.pdf'),
(238, 'in_action/chapter12', 'barchart.pdf'),
(239, 'in_action/chapter12', 'piechart.pdf'),
(240, 'in_action/chapter12', 'peek-a-boo.pdf'),
(241, 'in_action/chapter12', 'optional_content.pdf'),
(242, 'in_action/chapter12', 'layer_membership.pdf'),
(243, 'in_action/chapter12', 'action.pdf'),
(244, 'in_action/chapter12', 'xobjects.pdf'),
(245, 'in_action/chapter12', 'interactive_city.pdf'),
(246, 'in_action/chapter13', 'single_page.pdf'),
(247, 'in_action/chapter13', 'one_column.pdf'),
(248, 'in_action/chapter13', 'two_column_left.pdf'),
(249, 'in_action/chapter13', 'two_column_right.pdf'),
(250, 'in_action/chapter13', 'two_page_left.pdf'),
(251, 'in_action/chapter13', 'two_page_right.pdf'),
(252, 'in_action/chapter13', 'page_mode_and_layout.pdf'),
(253, 'in_action/chapter13', 'full_screen.pdf'),
(254, 'in_action/chapter13', 'hide_menu_center_window.pdf'),
(255, 'in_action/chapter13', 'no_ui_fit_window.pdf'),
(256, 'in_action/chapter13', 'display_title_two_page_left.pdf'),
(257, 'in_action/chapter13', 'no_toolbar_use_thumbs.pdf'),
(258, 'in_action/chapter13', 'page_labels.pdf'),
(259, 'in_action/chapter13', 'photo_album.pdf'),
(260, 'in_action/chapter13', 'thumb_image.pdf'),
(261, 'in_action/chapter13', 'slide_show.pdf'),
(262, 'in_action/chapter13', 'explicit_destinations.pdf'),
(263, 'in_action/chapter13', 'explicit_destinations.xml'),
(264, 'in_action/chapter13', 'outline_actions.pdf'),
(265, 'in_action/chapter13', 'outline_actions1.xml'),
(266, 'in_action/chapter13', 'outline_actions2.xml'),
(267, 'in_action/chapter13', 'HelloWorldRead.pdf'),
(268, 'in_action/chapter13', 'HelloWorldManipulateBookmarks.pdf'),
(269, 'in_action/chapter13', 'manipulated_bookmarks.xml'),
(270, 'in_action/chapter13', 'HelloWorld1.pdf'),
(271, 'in_action/chapter13', 'HelloWorld2.pdf'),
(272, 'in_action/chapter13', 'HelloWorld3.pdf'),
(273, 'in_action/chapter13', 'HelloWorldCopyBookmarks.pdf'),
(274, 'in_action/chapter13', 'named_actions.pdf'),
(275, 'in_action/chapter13', 'goto.pdf'),
(276, 'in_action/chapter13', 'remote.pdf'),
(277, 'in_action/chapter13', 'remote.xml'),
(278, 'in_action/chapter13', 'event_triggered_actions.pdf'),
(279, 'in_action/chapter13', 'document_level_javascript.pdf'),
(280, 'in_action/chapter13', 'launch_action.pdf'),
(281, 'in_action/chapter13', 'course_catalog_bookmarks.pdf'),
(282, 'in_action/chapter13', 'course_catalog_bookmarks.html'),
(283, 'in_action/chapter13', 'course_catalog_bookmarks.xml'),
(284, 'in_action/chapter14', 'HelloWorld_one_page.pdf'),
(285, 'in_action/chapter14', 'HelloWorld_empty_pages.pdf'),
(286, 'in_action/chapter14', 'page_boundaries.pdf'),
(287, 'in_action/chapter14', 'reorder_pages.pdf'),
(288, 'in_action/chapter14', 'header_footer.pdf'),
(289, 'in_action/chapter14', 'page_numbers.pdf'),
(290, 'in_action/chapter14', 'watermarks.pdf'),
(291, 'in_action/chapter14', 'slide_show.pdf'),
(292, 'in_action/chapter14', 'paragraph_outlines.pdf'),
(293, 'in_action/chapter14', 'chapter_events.pdf'),
(294, 'in_action/chapter14', 'toc.pdf'),
(295, 'in_action/chapter14', 'toc_chapters.pdf'),
(296, 'in_action/chapter14', 'simple_letter.pdf'),
(297, 'in_action/chapter14', 'simple_letter1.pdf'),
(298, 'in_action/chapter14', 'simple_letter2.pdf'),
(299, 'in_action/chapter14', 'simple_letters.pdf'),
(300, 'in_action/chapter14', 'romeo_juliet.pdf'),
(301, 'in_action/chapter14', 'html1.pdf'),
(302, 'in_action/chapter14', 'html2.pdf'),
(303, 'in_action/chapter14', 'html3.pdf'),
(304, 'in_action/chapter14', 'course_catalog_events.pdf'),
(305, 'in_action/chapter15', 'simple_annotations1.pdf'),
(306, 'in_action/chapter15', 'simple_annotations1.pdf'),
(307, 'in_action/chapter15', 'text_annotations.pdf'),
(308, 'in_action/chapter15', 'annotations.pdf'),
(309, 'in_action/chapter15', 'annotated_chunks.pdf'),
(310, 'in_action/chapter15', 'annotated_images.pdf'),
(311, 'in_action/chapter15', 'buttons.pdf'),
(312, 'in_action/chapter15', 'buttons2.pdf'),
(313, 'in_action/chapter15', 'textfields.pdf'),
(314, 'in_action/chapter15', 'choicefields.pdf'),
(315, 'in_action/chapter15', 'sender_receiver.pdf'),
(316, 'in_action/chapter15', 'calculator.pdf'),
(317, 'in_action/chapter15', 'field_actions.pdf'),
(318, 'in_action/chapter16', 'register_form1.pdf'),
(319, 'in_action/chapter16', 'registered1_1.pdf'),
(320, 'in_action/chapter16', 'registered1_2.pdf'),
(321, 'in_action/chapter16', 'registered1_3.pdf'),
(322, 'in_action/chapter16', 'registered1_4.pdf'),
(323, 'in_action/chapter16', 'register_form2.pdf'),
(324, 'in_action/chapter16', 'registered2.pdf'),
(325, 'in_action/chapter16', 'registered2_1.pdf'),
(326, 'in_action/chapter16', 'registered2_2.pdf'),
(327, 'in_action/chapter16', 'registered2_X.pdf'),
(328, 'in_action/chapter16', 'registered2_Y.pdf'),
(329, 'in_action/chapter16', 'register_form3.pdf'),
(330, 'in_action/chapter16', 'register_form3.fdf'),
(331, 'in_action/chapter16', 'registered3.pdf'),
(332, 'in_action/chapter16', 'registered_1_1.pdf'),
(333, 'in_action/chapter16', 'registered1.fdf'),
(334, 'in_action/chapter16', 'registered3X.pdf'),
(335, 'in_action/chapter16', 'unsigned_signature_field.pdf'),
(336, 'in_action/chapter16', 'signed_signature_field.pdf'),
(337, 'in_action/chapter16', 'unsigned_message.pdf'),
(338, 'in_action/chapter16', 'signed_message.pdf'),
(339, 'in_action/chapter16', 'corrupted_message.pdf'),
(340, 'in_action/chapter16', 'signed_message_invisible.pdf'),
(341, 'in_action/chapter16', 'double_signed_message.pdf'),
(342, 'in_action/chapter16', 'revision_1.pdf'),
(343, 'in_action/chapter16', 'revision_2.pdf'),
(344, 'in_action/chapter18', 'HelloWorld.pdf'),
(345, 'in_action/chapter18', 'updated.pdf'),
(346, 'in_action/chapter18', 'read_me.pdf'),
(347, 'in_action/chapter18', 'objects.txt'),
(348, 'in_action/chapter18', 'HelloWorldStream.pdf'),
(349, 'in_action/chapter18', 'HelloWorldStreamHacked.pdf'),
(350, 'in_action/chapter18', 'HelloWorldReverse.pdf'),
(351, 'in_action/chapter18', 'HelloWorldStreamHack.pdf'),
(352, 'in_action/chapter18', 'silent_printing.pdf'),
(353, 'in_action/chapter18', 'learningagreement.pdf'),
(354, 'in_action/chapterF', 'HelloWorldPdfX.pdf'),
(355, 'in_action/chapterF', 'HelloWorldXmpMetadata.pdf'),
(356, 'in_action/chapterF', 'HelloWorldXmpMetadata2.pdf'),
(357, 'in_action/chapterF', 'HelloWorldToRead.pdf'),
(358, 'in_action/chapterF', 'HelloWorldNoMetadata.pdf'),
(359, 'in_action/chapterF', 'HelloWorldStampedMetadata.pdf'),
(360, 'in_action/chapterF', 'marked_content.pdf'),
(361, 'in_action/chapterX', 'columntext.pdf'),
(362, 'in_action/chapterX', 'kalligraphy.pdf'),
(363, 'in_action/chapterX', 'nbsp.pdf'),
(364, 'in_action/chapterX', 'hyphen_not_hyphenated.pdf'),
(365, 'in_action/chapterX', 'HelloWorldForm.pdf'),
(366, 'in_action/chapterX', 'HelloWorldFormWithButton.pdf'),
(367, 'in_action/chapterX', 'cell_image_background.pdf'),
(368, 'in_action/chapterX', 'FoobarTranscriptOfRecords.pdf'),
(369, 'in_action/chapterX', 'brunoToR_en.pdf'),
(370, 'in_action/chapterX', 'FoobarTranscriptOfRecordsFR.pdf'),
(371, 'in_action/chapterX', 'brunoToR_fr.pdf'),
(372, 'in_action/chapterX', 'HelloWorldFormWithUnicode.pdf'),
(373, 'in_action/chapterX', 'HelloWorldForm2.pdf'),
(374, 'in_action/chapterX', 'HelloWorldFormWithUnicode2.pdf'),
(375, 'in_action/chapterX', 'gis.pdf'),
(376, 'in_action/chapterX', 'normal_distribution.pdf'),
(377, 'in_action/chapterX', 'not_rotated.pdf'),
(378, 'in_action/chapterX', 'rotated.pdf'),
(379, 'in_action/chapterX', 'tables_in_columns.pdf'),
(380, 'in_action/chapterX', 'HelloWorldEncryptedAES.pdf'),
(381, 'in_action/chapterX', 'not_embedded.pdf'),
(382, 'in_action/chapterX', 'embedded.pdf'),
(383, 'in_action/chapterX', 'Hello1.pdf'),
(384, 'in_action/chapterX', 'Hello2.pdf'),
(385, 'in_action/chapterX', 'Hello3.pdf'),
(386, 'in_action/chapterX', 'HelloWorldPackage.pdf'),
(387, 'in_action/chapterX', 'hack_1.pdf'),
(388, 'in_action/chapterX', 'hack_2.pdf'),
(389, 'in_action/chapterX', 'hack_3.pdf'),
(390, 'in_action/chapterX', 'altered_hack_1.pdf'),
(391, 'in_action/chapterX', 'altered_hack_2.pdf'),
(392, 'in_action/chapterX', 'altered_hack_3.pdf'),
(393, 'in_action/chapterX', 'another_hack_1.pdf'),
(394, 'in_action/chapterX', 'another_hack_2.pdf'),
(395, 'in_action/chapterX', 'another_hack_3.pdf'),
(396, 'in_action/chapterX', 'read_out_loud.pdf'),
(397, 'in_action/chapterX', 'tooltip.pdf'),
(398, 'in_action/chapterX', 'tooltip2.pdf'),
(399, 'in_action/chapterX', 'tooltip3.pdf');

-- --------------------------------------------------------

--
-- Table structure for table `samples_link`
--

DROP TABLE IF EXISTS `samples_link`;
CREATE TABLE `samples_link` (
  `example_id` int(11) NOT NULL DEFAULT '0',
  `sample_id` int(11) NOT NULL DEFAULT '0',
  `type` set('I','O','N') NOT NULL DEFAULT 'N',
  KEY `example_id` (`example_id`)
) ENGINE=MyISAM DEFAULT CHARSET=latin1;

--
-- Dumping data for table `samples_link`
--

INSERT INTO `samples_link` (`example_id`, `sample_id`, `type`) VALUES
(1, 1, 'N'),
(2, 2, 'I'),
(2, 3, 'O'),
(2, 4, 'O'),
(2, 5, 'O'),
(3, 6, 'N'),
(4, 7, 'N'),
(5, 8, 'N'),
(6, 9, 'N'),
(7, 10, 'N'),
(8, 11, 'N'),
(9, 12, 'N'),
(10, 13, 'N'),
(11, 14, 'N'),
(11, 15, 'N'),
(11, 16, 'N'),
(13, 17, 'N'),
(14, 18, 'N'),
(15, 19, 'N'),
(15, 20, 'N'),
(15, 21, 'N'),
(16, 22, 'N'),
(17, 23, 'N'),
(18, 24, 'I'),
(19, 25, 'I'),
(20, 25, 'I'),
(20, 26, 'O'),
(21, 24, 'I'),
(22, 27, 'I'),
(22, 28, 'O'),
(23, 29, 'I'),
(23, 30, 'O'),
(23, 31, 'O'),
(24, 25, 'I'),
(24, 32, 'O'),
(25, 25, 'I'),
(25, 33, 'O'),
(26, 25, 'I'),
(26, 34, 'O'),
(27, 25, 'I'),
(27, 35, 'O'),
(28, 36, 'I'),
(28, 37, 'O'),
(29, 36, 'I'),
(29, 38, 'O'),
(30, 39, 'I'),
(30, 40, 'I'),
(30, 41, 'I'),
(30, 42, 'O'),
(31, 43, 'I'),
(31, 44, 'O'),
(31, 45, 'O'),
(31, 46, 'O'),
(32, 43, 'I'),
(32, 47, 'O'),
(32, 48, 'O'),
(32, 49, 'O'),
(33, 50, 'I'),
(33, 51, 'I'),
(33, 52, 'I'),
(33, 53, 'O'),
(34, 50, 'I'),
(34, 51, 'I'),
(34, 52, 'I'),
(34, 54, 'O'),
(35, 55, 'I'),
(35, 56, 'O'),
(36, 57, 'I'),
(36, 58, 'I'),
(36, 59, 'O'),
(37, 55, 'I'),
(37, 60, 'O'),
(38, 61, 'N'),
(39, 62, 'N'),
(40, 63, 'N'),
(41, 64, 'I'),
(41, 65, 'O'),
(41, 66, 'O'),
(42, 67, 'I'),
(42, 68, 'O'),
(42, 69, 'O'),
(42, 70, 'O'),
(43, 71, 'N'),
(44, 72, 'N'),
(45, 73, 'N'),
(46, 74, 'N'),
(47, 75, 'N'),
(48, 76, 'N'),
(49, 77, 'N'),
(50, 78, 'N'),
(51, 79, 'N'),
(52, 80, 'N'),
(53, 81, 'N'),
(54, 82, 'N'),
(55, 83, 'N'),
(56, 84, 'N'),
(57, 85, 'N'),
(58, 86, 'N'),
(59, 87, 'N'),
(60, 88, 'N'),
(61, 89, 'N'),
(62, 90, 'N'),
(63, 91, 'N'),
(64, 92, 'N'),
(64, 93, 'N'),
(65, 94, 'N'),
(66, 95, 'N'),
(67, 96, 'N'),
(68, 97, 'N'),
(69, 98, 'N'),
(70, 99, 'N'),
(71, 100, 'N'),
(72, 101, 'N'),
(73, 102, 'N'),
(74, 103, 'N'),
(75, 104, 'N'),
(75, 105, 'N'),
(75, 106, 'N'),
(75, 107, 'N'),
(75, 108, 'N'),
(76, 109, 'N'),
(77, 110, 'N'),
(78, 36, 'I'),
(78, 37, 'O'),
(79, 111, 'N'),
(80, 112, 'N'),
(81, 113, 'N'),
(82, 114, 'N'),
(83, 115, 'N'),
(83, 116, 'N'),
(84, 117, 'N'),
(85, 118, 'N'),
(86, 119, 'N'),
(87, 120, 'N'),
(88, 121, 'N'),
(89, 122, 'N'),
(90, 123, 'N'),
(91, 124, 'N'),
(92, 125, 'N'),
(93, 126, 'N'),
(94, 127, 'N'),
(95, 128, 'N'),
(96, 129, 'N'),
(97, 130, 'N'),
(98, 131, 'N'),
(99, 132, 'N'),
(100, 133, 'N'),
(101, 134, 'N'),
(102, 135, 'N'),
(103, 136, 'N'),
(104, 137, 'N'),
(105, 138, 'N'),
(105, 139, 'N'),
(105, 140, 'N'),
(106, 141, 'N'),
(107, 142, 'N'),
(108, 143, 'N'),
(109, 144, 'N'),
(110, 145, 'N'),
(111, 146, 'N'),
(112, 147, 'N'),
(112, 148, 'N'),
(112, 149, 'N'),
(113, 150, 'N'),
(114, 151, 'N'),
(114, 152, 'N'),
(116, 154, 'N'),
(115, 153, 'N'),
(117, 155, 'N'),
(118, 156, 'N'),
(119, 157, 'N'),
(120, 158, 'N'),
(121, 159, 'N'),
(122, 160, 'N'),
(123, 161, 'N'),
(124, 162, 'N'),
(125, 163, 'N'),
(126, 164, 'N'),
(127, 165, 'N'),
(128, 166, 'N'),
(129, 167, 'N'),
(130, 169, 'N'),
(131, 172, 'N'),
(132, 173, 'N'),
(133, 174, 'N'),
(134, 175, 'N'),
(135, 176, 'N'),
(136, 177, 'N'),
(137, 178, 'N'),
(138, 179, 'N'),
(139, 180, 'N'),
(140, 181, 'N'),
(141, 182, 'N'),
(141, 183, 'N'),
(141, 184, 'N'),
(142, 185, 'N'),
(143, 186, 'N'),
(144, 187, 'N'),
(145, 188, 'N'),
(146, 189, 'N'),
(147, 190, 'N'),
(148, 191, 'N'),
(149, 192, 'N'),
(150, 193, 'N'),
(151, 194, 'N'),
(152, 195, 'N'),
(153, 196, 'N'),
(154, 197, 'N'),
(155, 198, 'N'),
(156, 199, 'N'),
(157, 200, 'N'),
(158, 201, 'N'),
(159, 202, 'N'),
(160, 203, 'N'),
(161, 204, 'N'),
(162, 205, 'N'),
(163, 206, 'N'),
(164, 207, 'N'),
(165, 208, 'N'),
(166, 209, 'N'),
(167, 210, 'N'),
(168, 211, 'N'),
(169, 212, 'N'),
(170, 213, 'N'),
(171, 214, 'N'),
(172, 215, 'N'),
(173, 216, 'N'),
(174, 217, 'N'),
(175, 218, 'N'),
(176, 219, 'N'),
(177, 220, 'N'),
(178, 221, 'N'),
(179, 222, 'N'),
(180, 223, 'N'),
(181, 224, 'N'),
(182, 225, 'N'),
(183, 226, 'N'),
(184, 227, 'N'),
(185, 228, 'N'),
(186, 229, 'N'),
(188, 231, 'N'),
(187, 230, 'N'),
(189, 232, 'N'),
(190, 233, 'N'),
(191, 234, 'N'),
(192, 235, 'N'),
(192, 236, 'N'),
(193, 237, 'N'),
(194, 238, 'N'),
(194, 239, 'N'),
(195, 240, 'N'),
(196, 241, 'N'),
(197, 242, 'N'),
(198, 243, 'N'),
(199, 244, 'N'),
(200, 245, 'N'),
(201, 245, 'N'),
(202, 246, 'N'),
(202, 247, 'N'),
(202, 248, 'N'),
(202, 249, 'N'),
(202, 250, 'N'),
(202, 251, 'N'),
(203, 252, 'N'),
(203, 253, 'N'),
(204, 254, 'N'),
(204, 255, 'N'),
(204, 256, 'N'),
(204, 257, 'N'),
(205, 258, 'N'),
(206, 259, 'N'),
(207, 260, 'N'),
(208, 261, 'N'),
(209, 262, 'N'),
(209, 263, 'O'),
(210, 264, 'N'),
(210, 265, 'O'),
(210, 266, 'O'),
(211, 267, 'I'),
(211, 268, 'O'),
(211, 269, 'O'),
(212, 270, 'I'),
(212, 271, 'I'),
(212, 272, 'I'),
(212, 273, 'O'),
(213, 274, 'N'),
(214, 275, 'N'),
(214, 276, 'N'),
(214, 277, 'O'),
(215, 278, 'N'),
(216, 279, 'N'),
(217, 280, 'N'),
(218, 281, 'N'),
(218, 282, 'N'),
(218, 283, 'O'),
(219, 284, 'N'),
(219, 285, 'N'),
(220, 286, 'N'),
(221, 287, 'N'),
(222, 288, 'N'),
(223, 289, 'N'),
(224, 290, 'N'),
(225, 291, 'N'),
(226, 292, 'N'),
(227, 293, 'I'),
(227, 294, 'I'),
(227, 295, 'O'),
(228, 296, 'I'),
(229, 296, 'I'),
(228, 297, 'N'),
(228, 298, 'N'),
(229, 299, 'N'),
(230, 300, 'N'),
(231, 301, 'N'),
(232, 302, 'N'),
(233, 303, 'N'),
(234, 304, 'N'),
(235, 305, 'N'),
(235, 306, 'N'),
(236, 307, 'N'),
(237, 308, 'N'),
(238, 309, 'N'),
(239, 310, 'N'),
(240, 311, 'N'),
(241, 312, 'N'),
(242, 313, 'N'),
(243, 314, 'N'),
(244, 315, 'N'),
(245, 316, 'N'),
(246, 317, 'N'),
(247, 318, 'I'),
(248, 318, 'I'),
(248, 319, 'O'),
(248, 320, 'O'),
(248, 321, 'O'),
(248, 322, 'O'),
(249, 323, 'I'),
(249, 324, 'O'),
(249, 325, 'O'),
(249, 326, 'O'),
(249, 327, 'O'),
(249, 328, 'O'),
(250, 329, 'I'),
(250, 330, 'I'),
(250, 331, 'O'),
(250, 318, 'I'),
(250, 332, 'O'),
(250, 333, 'O'),
(250, 334, 'O'),
(251, 335, 'N'),
(252, 335, 'I'),
(252, 336, 'O'),
(253, 337, 'I'),
(253, 338, 'O'),
(253, 339, 'O'),
(253, 340, 'O'),
(253, 341, 'O'),
(253, 342, 'O'),
(253, 343, 'O'),
(261, 344, 'I'),
(261, 345, 'O'),
(262, 346, 'I'),
(262, 347, 'O'),
(263, 348, 'I'),
(263, 349, 'O'),
(264, 350, 'N'),
(265, 348, 'I'),
(265, 351, 'O'),
(266, 352, 'N'),
(268, 110, 'N'),
(269, 354, 'N'),
(270, 355, 'N'),
(271, 356, 'N'),
(272, 357, 'N'),
(273, 358, 'I'),
(273, 359, 'O'),
(274, 360, 'N'),
(275, 361, 'N'),
(276, 362, 'N'),
(277, 363, 'N'),
(278, 364, 'N'),
(279, 365, 'I'),
(279, 366, 'O'),
(280, 367, 'N'),
(281, 368, 'I'),
(281, 369, 'O'),
(281, 370, 'I'),
(281, 371, 'O'),
(282, 365, 'I'),
(282, 372, 'O'),
(282, 373, 'I'),
(282, 374, 'O'),
(283, 375, 'N'),
(284, 376, 'N'),
(285, 377, 'I'),
(285, 378, 'O'),
(286, 379, 'N'),
(287, 380, 'N'),
(288, 381, 'I'),
(288, 382, 'O'),
(289, 383, 'I'),
(289, 384, 'I'),
(289, 385, 'I'),
(289, 386, 'O'),
(290, 387, 'I'),
(290, 388, 'I'),
(290, 389, 'I'),
(290, 390, 'O'),
(290, 391, 'O'),
(290, 392, 'O'),
(291, 387, 'I'),
(291, 388, 'I'),
(291, 389, 'I'),
(291, 393, 'O'),
(291, 394, 'O'),
(291, 395, 'O'),
(292, 396, 'N'),
(293, 397, 'N'),
(294, 398, 'N'),
(295, 399, 'N');

-- --------------------------------------------------------

--
-- Table structure for table `toc`
--

DROP TABLE IF EXISTS `toc`;
CREATE TABLE `toc` (
  `id` int(11) NOT NULL AUTO_INCREMENT,
  `collection_id` int(11) NOT NULL DEFAULT '0',
  `prefix` varchar(10) NOT NULL DEFAULT '',
  `title` varchar(80) NOT NULL DEFAULT '',
  `sort` int(11) NOT NULL,
  PRIMARY KEY (`id`),
  KEY `parent` (`collection_id`)
) ENGINE=MyISAM  DEFAULT CHARSET=latin1 AUTO_INCREMENT=365 ;

--
-- Dumping data for table `toc`
--

INSERT INTO `toc` (`id`, `collection_id`, `prefix`, `title`, `sort`) VALUES
(6, 1, 'Chapter 1', 'iText, when and why', 1),
(7, 1, 'Chapter 2', 'PDF engine jump-start', 2),
(8, 1, 'Chapter 3', 'PDF, why and when', 3),
(9, 1, 'Chapter 4', 'Composing text elements', 4),
(10, 1, 'Chapter 5', 'Inserting images', 5),
(11, 1, 'Chapter 6', 'Constructing tables', 6),
(12, 1, 'Chapter 7', 'Constructing columns', 7),
(13, 1, 'Chapter 8', 'Choosing the right font', 8),
(14, 1, 'Chapter 9', 'Using fonts', 9),
(15, 1, 'Chapter 10', 'Constructing and painting paths', 10),
(16, 1, 'Chapter 11', 'Adding color and text', 11),
(17, 1, 'Chapter 12', 'Drawing to Java Graphics2D', 12),
(18, 1, 'Chapter 13', 'Browsing a PDF document', 13),
(19, 1, 'Chapter 14', 'Automating PDF creation', 14),
(20, 1, 'Chapter 15', 'Creating annotations and fields', 15),
(21, 1, 'Chapter 16', 'Filling and signing AcroForms', 16),
(22, 1, 'Chapter 17', 'iText in web applications', 17),
(23, 1, 'Chapter 18', 'Under the hood', 18),
(24, 1, 'Extra', 'Appendices', 19),
(25, 1, 'Extra', 'More samples (not in the book)', 20);

-- --------------------------------------------------------

--
-- Table structure for table `webapps`
--

DROP TABLE IF EXISTS `webapps`;
CREATE TABLE `webapps` (
  `id` int(11) NOT NULL AUTO_INCREMENT,
  `example_id` int(11) NOT NULL DEFAULT '0',
  `url` varchar(128) NOT NULL DEFAULT '',
  PRIMARY KEY (`id`),
  KEY `example_id` (`example_id`)
) ENGINE=MyISAM  DEFAULT CHARSET=latin1 AUTO_INCREMENT=14 ;

--
-- Dumping data for table `webapps`
--

INSERT INTO `webapps` (`id`, `example_id`, `url`) VALUES
(1, 254, 'http://www.1t3xt.info:8080/itext-in-action/HelloWorld?presentationtype=html'),
(2, 254, 'http://www.1t3xt.info:8080/itext-in-action/HelloWorld?presentationtype=pdf'),
(3, 254, 'http://www.1t3xt.info:8080/itext-in-action/HelloWorld?presentationtype=rtf'),
(4, 255, 'http://www.1t3xt.info:8080/itext-in-action/index.jsp?method=POST'),
(5, 255, 'http://www.1t3xt.info:8080/itext-in-action/index.jsp?method=GET'),
(6, 255, 'http://www.1t3xt.info:8080/itext-in-action/simple.pdf'),
(7, 255, 'http://www.1t3xt.info:8080/itext-in-action/simple.pdf?msg=Hello%20World'),
(8, 256, 'http://www.1t3xt.info:8080/itext-in-action/helloworld.jsp'),
(9, 257, 'http://www.1t3xt.info:8080/itext-in-action/user_agent.jsp'),
(10, 258, 'http://www.1t3xt.info:8080/itext-in-action/Progress'),
(11, 259, 'http://www.1t3xt.info:8080/itext-in-action/FoobarCourses'),
(12, 260, 'http://www.1t3xt.info:8080/itext-in-action/learning_agreement.pdf'),
(13, 267, 'http://www.1t3xt.info:8080/itext-in-action/learningagreement.pdf');
